{"is_source_file": false, "format": "", "description": "", "external_files": [], "external_methods": [], "published": [], "classes": [], "methods": [], "calls": [], "search-terms": [], "state": 2, "file_id": 12, "knowledge_revision": 19, "git_revision": "393a77217a942016a0cb04f90cbce1b806fced74", "hash": "3f3991235e2985af80f7767be6e8a50b", "format-version": 4, "code-base-name": "tic_tac_toe_frontend", "filename": "README.md", "revision_history": [{"19": "393a77217a942016a0cb04f90cbce1b806fced74"}]}