{"is_source_file": true, "format": "JavaScript (React)", "description": "This file defines a React component App that manages a theme state ('light' or 'dark') and provides a toggle button to switch themes. It sets the theme attribute on the document element and renders UI elements including a toggle button, logo, instructions, and a link.", "external_files": ["./logo.svg", "./App.css"], "external_methods": ["React.useState", "React.useEffect"], "published": ["App"], "classes": [], "methods": [{"name": "App()", "description": "React functional component managing theme state and rendering UI.", "scope": "", "scopeKind": ""}, {"name": "toggleTheme", "description": "Function to toggle the theme between light and dark."}], "calls": ["React.useState", "React.useEffect", "document.documentElement.setAttribute"], "search-terms": ["React component", "theme toggle", "useState", "useEffect", "dark mode", "light mode"], "state": 2, "file_id": 10, "knowledge_revision": 25, "git_revision": "5ad0457bd6ef670f3614a2a759b59c01a28f129e", "ctags": [{"_type": "tag", "name": "App", "path": "/home/kavia/workspace/code-generation/browser-tic-tac-toe-317710-317719/tic_tac_toe_frontend/src/App.js", "pattern": "/^function App() {$/", "language": "JavaScript", "kind": "function", "signature": "()"}, {"_type": "tag", "name": "Switch to ${theme === 'light' ? 'dark' : 'light'} mode", "path": "/home/kavia/workspace/code-generation/browser-tic-tac-toe-317710-317719/tic_tac_toe_frontend/src/App.js", "pattern": "/^          aria-label={`Switch to ${theme === 'light' ? 'dark' : 'light'} mode`}$/", "language": "JavaScript", "kind": "field", "scope": "App.aria", "scopeKind": "class"}, {"_type": "tag", "name": "toggleTheme", "path": "/home/kavia/workspace/code-generation/browser-tic-tac-toe-317710-317719/tic_tac_toe_frontend/src/App.js", "pattern": "/^          onClick={toggleTheme}$/", "language": "JavaScript", "kind": "field", "scope": "App.onClick", "scopeKind": "class"}], "hash": "b55dd9e6a018e59207d8e277dffd9e11", "format-version": 4, "code-base-name": "tic_tac_toe_frontend", "filename": "tic_tac_toe_frontend/src/App.js", "fields": [{"name": "aria-label={`Switch to ${theme === 'light' ? 'dark' : 'light'} mode`}", "scope": "App.aria", "scopeKind": "class", "description": "unavailable"}, {"name": "onClick={toggleTheme}", "scope": "App.onClick", "scopeKind": "class", "description": "unavailable"}], "revision_history": [{"25": "5ad0457bd6ef670f3614a2a759b59c01a28f129e"}]}