{"is_source_file": true, "format": "JavaScript", "description": "This is the entry point for a React application. It imports React libraries, CSS styles, and the main App component, then renders the App component into the DOM.", "external_files": ["react", "react-dom/client", "./index.css", "./App"], "external_methods": ["ReactDOM.createRoot", "root.render"], "published": [], "classes": [], "methods": [{"name": "ReactDOM.createRoot", "description": "Creates a React root for rendering a React component tree."}, {"name": "root.render", "description": "Renders React elements into the DOM within the created root."}], "calls": ["ReactDOM.createRoot", "root.render", "React.StrictMode", "App"], "search-terms": ["React", "index.js", "ReactDOM", "render", "main entry point"], "state": 2, "file_id": 11, "knowledge_revision": 23, "git_revision": "5ad0457bd6ef670f3614a2a759b59c01a28f129e", "ctags": [{"_type": "tag", "name": "root", "path": "/home/kavia/workspace/code-generation/browser-tic-tac-toe-317710-317719/tic_tac_toe_frontend/src/index.js", "pattern": "/^const root = ReactDOM.createRoot(document.getElementById('root'));$/", "language": "JavaScript", "kind": "constant"}], "hash": "9fc5841375336fc175b49f8767a11383", "format-version": 4, "code-base-name": "tic_tac_toe_frontend", "filename": "tic_tac_toe_frontend/src/index.js", "revision_history": [{"23": "5ad0457bd6ef670f3614a2a759b59c01a28f129e"}]}