{"is_source_file": false, "format": "", "description": "", "external_files": [], "external_methods": [], "published": [], "classes": [], "methods": [], "calls": [], "search-terms": [], "state": 2, "file_id": 9, "knowledge_revision": 22, "git_revision": "5ad0457bd6ef670f3614a2a759b59c01a28f129e", "hash": "6c2104b8d219ed99234ae2d6329f4357", "format-version": 4, "code-base-name": "tic_tac_toe_frontend", "filename": "tic_tac_toe_frontend/src/index.css", "revision_history": [{"22": "5ad0457bd6ef670f3614a2a759b59c01a28f129e"}]}