{"is_source_file": false, "format": "", "description": "", "external_files": [], "external_methods": [], "published": [], "classes": [], "methods": [], "calls": [], "search-terms": ["CSS", "variables", "theme", "dark", "light", "App", "toggle"], "state": 2, "file_id": 6, "knowledge_revision": 16, "git_revision": "5ad0457bd6ef670f3614a2a759b59c01a28f129e", "hash": "22f9e17cc1848b56dbb244518ac2707e", "format-version": 4, "code-base-name": "tic_tac_toe_frontend", "filename": "tic_tac_toe_frontend/src/App.css", "revision_history": [{"16": "5ad0457bd6ef670f3614a2a759b59c01a28f129e"}]}